.NET Developer,,"Singapore, Singapore",2024-09-25,https://www.linkedin.com/jobs/view/4032266040/,,0,0,0,0
"AI Software Engineer, IgniteTech (Remote) - $100,000/year USD",Crossover,"Singapore, Singapore",2024-09-25,https://www.linkedin.com/jobs/view/4034455752/,,0,0,0,0
Android Engineer (Senior / Mid),Trust Wallet,Singapore,2024-09-25,https://www.linkedin.com/jobs/view/3961157625/,,0,0,0,0
Application Engineer â€“ IoT Development,Jobscentral,Singapore,2024-09-25,https://www.linkedin.com/jobs/view/4032636768/,,0,0,0,0
Backend Golang Developer,Trust Wallet,Singapore,2024-09-25,https://www.linkedin.com/jobs/view/3962387917/,,0,0,0,0
Big Data Engineer (TikTok Ecommerce Recommendation Infrastructure) - 2025 Start,TikTok,Singapore,2024-09-25,https://www.linkedin.com/jobs/view/3999974887/,,0,0,0,0
Contract Data Engineer (2-year contract) (2),Singapore Tourism Board,"Singapore, Singapore",2024-09-25,https://www.linkedin.com/jobs/view/4017116184/,,0,0,0,0
Data Center Engineer - Singapore,Zenlayer,Singapore,2024-09-25,https://www.linkedin.com/jobs/view/4033293314/,,0,0,0,0
Data Engineer (Python_SQL_PL/SQL_CICD_SnowFlake_Denodo),Maltem Asia-Pacific,"Singapore, Singapore",2024-09-25,https://www.linkedin.com/jobs/view/4032277417/,,0,0,0,0
ETL Developer with Matillion,Aryan Solutions Pte Ltd,Singapore,2024-09-25,https://www.linkedin.com/jobs/view/4033269096/,,0,0,0,0
"Engineer/Senior Engineer, Data Centre Operations",DSTA,"Singapore, Singapore",2024-09-25,https://www.linkedin.com/jobs/view/4014106293/,,0,0,0,0
Front End Developer,,"Singapore, Singapore",2024-09-25,https://www.linkedin.com/jobs/view/4032266088/,,0,0,0,0
"Full Stack Engineer, 2 Hour Learning (Remote) - $100,000/year USD",Crossover,"Singapore, Singapore",2024-09-25,https://www.linkedin.com/jobs/view/4034454563/,,0,0,0,0
Fullstack Engineer,Calyptus,Singapore,2024-09-25,https://www.linkedin.com/jobs/view/4034735114/,,0,0,0,0
"Integration Reliability Engineer, Technical Operations",Stripe,"Singapore, Singapore",2024-09-25,https://www.linkedin.com/jobs/view/4034725990/,,0,0,0,0
"Intern, SAP Automation & AI Engineer",Kuok Group Singapore,"Singapore, Singapore",2024-09-25,https://www.linkedin.com/jobs/view/4000350743/,,0,0,0,0
Java StateMachine Developer,HTC Global Services,"Singapore, Singapore",2024-09-25,https://www.linkedin.com/jobs/view/4033221878/,,0,0,0,0
OCP Engineer (OpenShift Container Platform),CXC,"Singapore, Singapore",2024-09-25,https://www.linkedin.com/jobs/view/4034772432/,,0,0,0,0
QA Automation Engineer (6-Month Contract),Climate Impact X,"Singapore, Singapore",2024-09-25,https://www.linkedin.com/jobs/view/4034738596/,,0,0,0,0
Quantexa Lead Data Engineer,RiDiK (a Subsidiary of CLPS. Nasdaq: CLPS),"Singapore, Singapore",2024-09-25,https://www.linkedin.com/jobs/view/4033236384/,,0,0,0,0
SOFTWARE ENGINEER,,"Singapore, Singapore",2024-09-25,https://www.linkedin.com/jobs/view/4032259867/,,0,0,0,0
Salesforce Developer,Hays,"Singapore, Singapore",2024-09-25,https://www.linkedin.com/jobs/view/4033261306/,,0,0,0,0
"Senior Engineer, Application Development",Fraser and Neave Limited,Singapore,2024-09-25,https://www.linkedin.com/jobs/view/4033240774/,,0,0,0,0
"Senior Full Stack Developer (.Net Core, Typescript and Angular)",Adecco,"Singapore, Singapore",2024-09-25,https://www.linkedin.com/jobs/view/4034810414/,,0,0,0,0
Smart Contract Engineer,Trust Wallet,Singapore,2024-09-25,https://www.linkedin.com/jobs/view/3961154842/,,0,0,0,0
Software Automation Test Engineer,Beyondsoft Singapore,"Singapore, Singapore",2024-09-25,https://www.linkedin.com/jobs/view/4011948636/,,0,0,0,0
Software Engineer,PLS,Singapore,2024-09-25,https://www.linkedin.com/jobs/view/4034719457/,,0,0,0,0
"Software Engineer, Trilogy (Remote) - $100,000/year USD",Crossover,"Singapore, Singapore",2024-09-25,https://www.linkedin.com/jobs/view/4034457752/,,0,0,0,0
"Staff Software Engineer, Travel",Ascenda,Singapore,2024-09-25,https://www.linkedin.com/jobs/view/3981264218/,,0,0,0,0
System Architecture Engineer (Ethernet Switch),Jobscentral,Singapore,2024-09-25,https://www.linkedin.com/jobs/view/4032633763/,,0,0,0,0
System Architecture Engineer (SoC Architect),Jobscentral,Singapore,2024-09-25,https://www.linkedin.com/jobs/view/4032633814/,,0,0,0,0
Technical Developer,Kyndryl,"Singapore, Singapore",2024-09-25,https://www.linkedin.com/jobs/view/3980194506/,,0,0,0,0
Test Automation Engineer,Jobscentral,Singapore,2024-09-25,https://www.linkedin.com/jobs/view/4032635343/,,0,0,0,0
Test Solutions Engineer,Micron Technology,"Singapore, Singapore",2024-09-25,https://www.linkedin.com/jobs/view/3996433891/,,0,0,0,0
UI Developer,,"Singapore, Singapore",2024-09-25,https://www.linkedin.com/jobs/view/4032265171/,,0,0,0,0
